[
  {
    "img": "https://res.cloudinary.com/swiggy/image/upload/fl_lossy,f_auto,q_auto,w_508,h_320,c_fill/x7uyth98klateehaavbt",
    "name": "Biryani By kilo",
    "cusine": "Biryani, Hyderabadi",
    "stars": 4,
    "id": "sbkhjfbfdhjbvhjdb"
  },
  {
    "img": "https://res.cloudinary.com/swiggy/image/upload/fl_lossy,f_auto,q_auto,w_508,h_320,c_fill/ssz46edn5w8z4xpxbfxv",
    "name": "Mughal Darbar",
    "cusine": "Biryani, Hyderabadi",
    "stars": 4,
    "id": "nvdkjbhfb"
  },
  {
    "img": "https://res.cloudinary.com/swiggy/image/upload/fl_lossy,f_auto,q_auto,w_508,h_320,c_fill/jbtwi5gn0rqott22goqm",
    "name": "Doon DArbar",
    "cusine": "Biryani, Hyderabadi",
    "stars": 4,
    "id": "nkdvbndhb"
  }
]
